id,title,authors,subjects,abs_link,pdf_link
arXiv:2507.06221,Aligned Textual Scoring Rules,"Yuxuan Lu, Yifan Wu, Jason Hartline, Michael J. Curry",Artificial Intelligence (cs.AI); Computer Science and Game Theory (cs.GT),https://arxiv.org/abs/2507.06221,https://arxiv.org/pdf/2507.06221
arXiv:2507.06213,Identifiability in Causal Abstractions: A Hierarchy of Criteria,"Clément Yvernes, Emilie Devijver, Marianne Clausel, Eric Gaussier",Artificial Intelligence (cs.AI),https://arxiv.org/abs/2507.06213,https://arxiv.org/pdf/2507.06213
arXiv:2507.06187,The Delta Learning Hypothesis: Preference Tuning on Weak Data can Yield Strong Gains,"Scott Geng, Hamish Ivison, Chun-Liang Li, Maarten Sap, Jerry Li, Ranjay Krishna, Pang Wei Koh",Artificial Intelligence (cs.AI),https://arxiv.org/abs/2507.06187,https://arxiv.org/pdf/2507.06187
arXiv:2507.06134,OpenAgentSafety: A Comprehensive Framework for Evaluating Real-World AI Agent Safety,"Sanidhya Vijayvargiya, Aditya Bharat Soni, Xuhui Zhou, Zora Zhiruo Wang, Nouha Dziri, Graham Neubig, Maarten Sap",Artificial Intelligence (cs.AI),https://arxiv.org/abs/2507.06134,https://arxiv.org/pdf/2507.06134
arXiv:2507.06077,AI-Based Demand Forecasting and Load Balancing for Optimising Energy use in Healthcare Systems: A real case study,"Iman Rahimi, Isha Patel",Artificial Intelligence (cs.AI),https://arxiv.org/abs/2507.06077,https://arxiv.org/pdf/2507.06077
arXiv:2507.06057,FEVO: Financial Knowledge Expansion and Reasoning Evolution for Large Language Models,"Bo Pang, Yalu Ouyang, Hangfei Xu, Ziqi Jia, Panpan Li, Shengzhao Wen, Lu Wang, Shiyong Li, Yanpeng Wang",Artificial Intelligence (cs.AI); Machine Learning (cs.LG),https://arxiv.org/abs/2507.06057,https://arxiv.org/pdf/2507.06057
arXiv:2507.06042,On Lockean beliefs that are deductively closed and minimal change,"Tommaso Flaminio, Lluis Godo, Ramón Pino Pérez, Lluis Subirana",Artificial Intelligence (cs.AI),https://arxiv.org/abs/2507.06042,https://arxiv.org/pdf/2507.06042
arXiv:2507.06029,Feature-Guided Neighbor Selection for Non-Expert Evaluation of Model Predictions,"Courtney Ford, Mark T. Keane",Artificial Intelligence (cs.AI),https://arxiv.org/abs/2507.06029,https://arxiv.org/pdf/2507.06029
arXiv:2507.06013,CogniSQL-R1-Zero: Lightweight Reinforced Reasoning for Efficient SQL Generation,"Kushal Gajjar, Harshit Sikchi, Arpit Singh Gautam, Marc Hammons, Saurabh Jha",Artificial Intelligence (cs.AI),https://arxiv.org/abs/2507.06013,https://arxiv.org/pdf/2507.06013
arXiv:2507.05984,Development and Evaluation of HopeBot: an LLM-based chatbot for structured and interactive PHQ-9 depression screening,"Zhijun Guo, Alvina Lai, Julia Ive, Alexandru Petcu, Yutong Wang, Luyuan Qi, Johan H Thygesen, Kezhi Li",Artificial Intelligence (cs.AI); Computation and Language (cs.CL); Human-Computer Interaction (cs.HC),https://arxiv.org/abs/2507.05984,https://arxiv.org/pdf/2507.05984
arXiv:2507.05976,Enhancing the Interpretability of Rule-based Explanations through Information Retrieval,"Alessandro Umbrico, Guido Bologna, Luca Coraci, Francesca Fracasso, Silvia Gola, Gabriella Cortellessa",Artificial Intelligence (cs.AI); Information Retrieval (cs.IR),https://arxiv.org/abs/2507.05976,https://arxiv.org/pdf/2507.05976
arXiv:2507.05938,A Wireless Foundation Model for Multi-Task Prediction,"Yucheng Sheng, Jiacheng Wang, Xingyu Zhou, Le Liang, Hao Ye, Shi Jin, Geoffrey Ye Li",Artificial Intelligence (cs.AI); Machine Learning (cs.LG),https://arxiv.org/abs/2507.05938,https://arxiv.org/pdf/2507.05938
arXiv:2507.05934,BlueLM-2.5-3B Technical Report,"Baojiao Xiong, Boheng Chen, Chengzhi Wang, Daxiong Luo, Dongsheng Xu, Dongyang Liu, Fan Yang, Fangyuan Li, Fei Teng, Feng Wang, Fukang Qin, Fuquan Peng, Guanxin Tan, Guozhi Wang, Haibo Yu, Haohao Gao, Heng Liu, Hongbo Yang, Hongjian Zou, Houzheng Shen, Hu Meng, Huan Li, Hui Tan, Jiali Chen, Jianzhao Chen, Jinliang Zhu, Kai Wang, Lei Wu, Liangbing Liu, Liuyang Bian, Liyan He, Long Liu, Peiwen Li, Penggang Shi, Qi Ding, Rui Hu, Shuai Cao, Shuai Ren, Shuang Peng, Teng Xie, Weiji Chen, Weilin Xiang, Weixin Wu, Xi Yin, Xiaoxin Chen, Xu Chen, Yafei Wen, Yan Hu, Yanzhou Yang, Yina Xie, Yinghao Chen, Yixuan Liao, Yu Geng, Yuanjiang Ouyang, Yuanzhuo Yang, Yuehua He, Yushuai Peng, Zhaoxiong Wang, Zheng Wang, Zhibo Zhou, Ziyang Wu",Artificial Intelligence (cs.AI),https://arxiv.org/abs/2507.05934,https://arxiv.org/pdf/2507.05934
arXiv:2507.05894,MusiScene: Leveraging MU-LLaMA for Scene Imagination and Enhanced Video Background Music Generation,"Fathinah Izzati, Xinyue Li, Yuxuan Wu, Gus Xia",Artificial Intelligence (cs.AI); Computation and Language (cs.CL),https://arxiv.org/abs/2507.05894,https://arxiv.org/pdf/2507.05894
arXiv:2507.05891,"Decomposing the Time Series Forecasting Pipeline: A Modular Approach for Time Series Representation, Information Extraction, and Projection","Robert Leppich, Michael Stenger, André Bauer, Samuel Kounev",Artificial Intelligence (cs.AI),https://arxiv.org/abs/2507.05891,https://arxiv.org/pdf/2507.05891
arXiv:2507.05886,Current Practices for Building LLM-Powered Reasoning Tools Are Ad Hoc -- and We Can Do Better,Aaron Bembenek,Artificial Intelligence (cs.AI); Programming Languages (cs.PL),https://arxiv.org/abs/2507.05886,https://arxiv.org/pdf/2507.05886
arXiv:2507.05868,CogniPlay: a work-in-progress Human-like model for General Game Playing,"Aloïs Rautureau, Éric Piette",Artificial Intelligence (cs.AI),https://arxiv.org/abs/2507.05868,https://arxiv.org/pdf/2507.05868
arXiv:2507.05816,Affective-ROPTester: Capability and Bias Analysis of LLMs in Predicting Retinopathy of Prematurity,"Shuai Zhao, Yulin Zhang, Luwei Xiao, Xinyi Wu, Yanhao Jia, Zhongliang Guo, Xiaobao Wu, Cong-Duy Nguyen, Guoming Zhang, Anh Tuan Luu","Artificial Intelligence (cs.AI); Computational Engineering, Finance, and Science (cs.CE); Computation and Language (cs.CL)",https://arxiv.org/abs/2507.05816,https://arxiv.org/pdf/2507.05816
arXiv:2507.05791,GTA1: GUI Test-time Scaling Agent,"Yan Yang, Dongxu Li, Yutong Dai, Yuhao Yang, Ziyang Luo, Zirui Zhao, Zhiyuan Hu, Junzhe Huang, Amrita Saha, Zeyuan Chen, Ran Xu, Liyuan Pan, Caiming Xiong, Junnan Li",Artificial Intelligence (cs.AI),https://arxiv.org/abs/2507.05791,https://arxiv.org/pdf/2507.05791
arXiv:2507.05765,Real-time monitoring of the SoH of lithium-ion batteries,"Bruno Jammes, Edgar Hernando Sepúlveda-Oviedo, Corinne Alonso",Artificial Intelligence (cs.AI),https://arxiv.org/abs/2507.05765,https://arxiv.org/pdf/2507.05765
arXiv:2507.05755,An autonomous agent for auditing and improving the reliability of clinical AI models,"Lukas Kuhn, Florian Buettner",Artificial Intelligence (cs.AI),https://arxiv.org/abs/2507.05755,https://arxiv.org/pdf/2507.05755
arXiv:2507.05716,Divergent Realities: A Comparative Analysis of Human Expert vs. Artificial Intelligence Based Generation and Evaluation of Treatment Plans in Dermatology,"Dipayan Sengupta, Saumya Panda",Artificial Intelligence (cs.AI),https://arxiv.org/abs/2507.05716,https://arxiv.org/pdf/2507.05716
arXiv:2507.05651,City-Level Foreign Direct Investment Prediction with Tabular Learning on Judicial Data,"Tianxing Wu, Lizhe Cao, Shuang Wang, Jiming Wang, Shutong Zhu, Yerong Wu, Yuqing Feng",Artificial Intelligence (cs.AI),https://arxiv.org/abs/2507.05651,https://arxiv.org/pdf/2507.05651
arXiv:2507.05638,LLMs are Introvert,"Litian Zhang, Xiaoming Zhang, Bingyu Yan, Ziyi Zhou, Bo Zhang, Zhenyu Guan, Xi Zhang, Chaozhuo Li",Artificial Intelligence (cs.AI); Social and Information Networks (cs.SI),https://arxiv.org/abs/2507.05638,https://arxiv.org/pdf/2507.05638
arXiv:2507.05629,Enhancing Student Learning with LLM-Generated Retrieval Practice Questions: An Empirical Study in Data Science Courses,"Yuan An, John Liu, Niyam Acharya, Ruhma Hashmi",Artificial Intelligence (cs.AI),https://arxiv.org/abs/2507.05629,https://arxiv.org/pdf/2507.05629
arXiv:2507.05624,ADMC: Attention-based Diffusion Model for Missing Modalities Feature Completion,"Wei Zhang, Juan Chen, Yanbo J. Wang, En Zhu, Xuan Yang, Yiduo Wang",Artificial Intelligence (cs.AI),https://arxiv.org/abs/2507.05624,https://arxiv.org/pdf/2507.05624
arXiv:2507.05613,Domain adaptation of large language models for geotechnical applications,"Lei Fan, Fangxue Liu, Cheng Chen",Artificial Intelligence (cs.AI),https://arxiv.org/abs/2507.05613,https://arxiv.org/pdf/2507.05613
arXiv:2507.05591,MLlm-DR: Towards Explainable Depression Recognition with MultiModal Large Language Models,"Wei Zhang, Juan Chen, En Zhu, Wenhong Cheng, YunPeng Li, Yanbo J. Wang",Artificial Intelligence (cs.AI),https://arxiv.org/abs/2507.05591,https://arxiv.org/pdf/2507.05591
arXiv:2507.05587,Towards Measurement Theory for Artificial Intelligence,Elija Perrier,Artificial Intelligence (cs.AI),https://arxiv.org/abs/2507.05587,https://arxiv.org/pdf/2507.05587
arXiv:2507.05566,SingLoRA: Low Rank Adaptation Using a Single Matrix,"David Bensaïd, Noam Rotstein, Roy Velich, Daniel Bensaïd, Ron Kimmel",Artificial Intelligence (cs.AI),https://arxiv.org/abs/2507.05566,https://arxiv.org/pdf/2507.05566
arXiv:2507.05541,SenseCF: LLM-Prompted Counterfactuals for Intervention and Sensor Data Augmentation,"Shovito Barua Soumma, Asiful Arefeen, Stephanie M. Carpenter, Melanie Hingle, Hassan Ghasemzadeh",Artificial Intelligence (cs.AI),https://arxiv.org/abs/2507.05541,https://arxiv.org/pdf/2507.05541
arXiv:2507.05538,Red Teaming AI Red Teaming,"Subhabrata Majumdar, Brian Pendleton, Abhishek Gupta",Artificial Intelligence (cs.AI); Cryptography and Security (cs.CR); Computers and Society (cs.CY),https://arxiv.org/abs/2507.05538,https://arxiv.org/pdf/2507.05538
arXiv:2507.05528,Conversational Education at Scale: A Multi-LLM Agent Workflow for Procedural Learning and Pedagogic Quality Assessment,"Jiahuan Pei, Fanghua Ye, Xin Sun, Wentao Deng, Koen Hindriks, Junxiao Wang",Artificial Intelligence (cs.AI); Computation and Language (cs.CL),https://arxiv.org/abs/2507.05528,https://arxiv.org/pdf/2507.05528
arXiv:2507.05520,Cultivating Multimodal Intelligence: Interpretive Reasoning and Agentic RAG Approaches to Dermatological Diagnosis,"Karishma Thakrar, Shreyas Basavatia, Akshay Daftardar",Artificial Intelligence (cs.AI),https://arxiv.org/abs/2507.05520,https://arxiv.org/pdf/2507.05520
arXiv:2507.05519,Modeling (Deontic) Modal Operators With the s(CASP) Goal-directed Predicated Answer Set Programming System,"Gopal Gupta, Abhiramon Rajasekharan, Alexis R. Tudor, Elmer Salazar, Joaquín Arias",Artificial Intelligence (cs.AI); Logic in Computer Science (cs.LO),https://arxiv.org/abs/2507.05519,https://arxiv.org/pdf/2507.05519
arXiv:2507.05515,Fine-Grained Vision-Language Modeling for Multimodal Training Assistants in Augmented Reality,"Haochen Huang, Jiahuan Pei, Mohammad Aliannejadi, Xin Sun, Moonisa Ahsan, Pablo Cesar, Chuang Yu, Zhaochun Ren, Junxiao Wang",Artificial Intelligence (cs.AI); Computation and Language (cs.CL); Computer Vision and Pattern Recognition (cs.CV),https://arxiv.org/abs/2507.05515,https://arxiv.org/pdf/2507.05515
arXiv:2507.05495,Deep Research Comparator: A Platform For Fine-grained Human Annotations of Deep Research Agents,"Prahaladh Chandrahasan, Jiahe Jin, Zhihan Zhang, Tevin Wang, Andy Tang, Lucy Mo, Morteza Ziyadi, Leonardo F.R. Ribeiro, Zimeng Qiu, Markus Dreyer, Akari Asai, Chenyan Xiong",Artificial Intelligence (cs.AI),https://arxiv.org/abs/2507.05495,https://arxiv.org/pdf/2507.05495
arXiv:2507.05488,OLG++: A Semantic Extension of Obligation Logic Graph,"Subhasis Dasgupta, Jon Stephens, Amarnath Gupta",Artificial Intelligence (cs.AI); Computers and Society (cs.CY),https://arxiv.org/abs/2507.05488,https://arxiv.org/pdf/2507.05488
arXiv:2507.05297,Fuzzy Classification Aggregation for a Continuum of Agents,Zijun Meng,Artificial Intelligence (cs.AI); Theoretical Economics (econ.TH),https://arxiv.org/abs/2507.05297,https://arxiv.org/pdf/2507.05297
arXiv:2507.05283,Chat2SPaT: A Large Language Model Based Tool for Automating Traffic Signal Control Plan Management,"Yue Wang, Miao Zhou, Guijing Huang, Rui Zhuo, Chao Yi, Zhenliang Ma",Artificial Intelligence (cs.AI); Computation and Language (cs.CL),https://arxiv.org/abs/2507.05283,https://arxiv.org/pdf/2507.05283
arXiv:2507.05267,Strongly Solving $7 \times 6$ Connect-Four on Consumer Grade Hardware,Markus Böck,Artificial Intelligence (cs.AI),https://arxiv.org/abs/2507.05267,https://arxiv.org/pdf/2507.05267
arXiv:2507.06229,Agent KB: Leveraging Cross-Domain Experience for Agentic Problem Solving,"Xiangru Tang, Tianrui Qin, Tianhao Peng, Ziyang Zhou, Daniel Shao, Tingting Du, Xinming Wei, Peng Xia, Fang Wu, He Zhu, Ge Zhang, Jiaheng Liu, Xingyao Wang, Sirui Hong, Chenglin Wu, Hao Cheng, Chi Wang, Wangchunshu Zhou",Computation and Language (cs.CL); Artificial Intelligence (cs.AI),https://arxiv.org/abs/2507.06229,https://arxiv.org/pdf/2507.06229
arXiv:2507.06224,EC-Flow: Enabling Versatile Robotic Manipulation from Action-Unlabeled Videos via Embodiment-Centric Flow,"Yixiang Chen, Peiyan Li, Yan Huang, Jiabing Yang, Kehan Chen, Liang Wang",Robotics (cs.RO); Artificial Intelligence (cs.AI),https://arxiv.org/abs/2507.06224,https://arxiv.org/pdf/2507.06224
arXiv:2507.06223,Efficiency-Effectiveness Reranking FLOPs for LLM-based Rerankers,"Zhiyuan Peng, Ting-ruen Wei, Tingyu Song, Yilun Zhao, Yi Fang",Computation and Language (cs.CL); Artificial Intelligence (cs.AI); Machine Learning (cs.LG),https://arxiv.org/abs/2507.06223,https://arxiv.org/pdf/2507.06223
arXiv:2507.06219,Is Diversity All You Need for Scalable Robotic Manipulation?,"Modi Shi, Li Chen, Jin Chen, Yuxiang Lu, Chiming Liu, Guanghui Ren, Ping Luo, Di Huang, Maoqing Yao, Hongyang Li",Robotics (cs.RO); Artificial Intelligence (cs.AI); Machine Learning (cs.LG),https://arxiv.org/abs/2507.06219,https://arxiv.org/pdf/2507.06219
arXiv:2507.06204,Differential Mamba,"Nadav Schneider, Itamar Zimerman, Eliya Nachmani",Machine Learning (cs.LG); Artificial Intelligence (cs.AI); Computation and Language (cs.CL),https://arxiv.org/abs/2507.06204,https://arxiv.org/pdf/2507.06204
arXiv:2507.06196,UQLM: A Python Package for Uncertainty Quantification in Large Language Models,"Dylan Bouchard, Mohit Singh Chauhan, David Skarbrevik, Ho-Kyeong Ra, Viren Bajaj, Zeya Ahmad",Computation and Language (cs.CL); Artificial Intelligence (cs.AI); Machine Learning (cs.LG),https://arxiv.org/abs/2507.06196,https://arxiv.org/pdf/2507.06196
arXiv:2507.06192,SQLBarber: A System Leveraging Large Language Models to Generate Customized and Realistic SQL Workloads,"Jiale Lao, Immanuel Trummer",Databases (cs.DB); Artificial Intelligence (cs.AI); Computation and Language (cs.CL); Machine Learning (cs.LG),https://arxiv.org/abs/2507.06192,https://arxiv.org/pdf/2507.06192
arXiv:2507.06189,DS@GT at CheckThat! 2025: Detecting Subjectivity via Transfer-Learning and Corrective Data Augmentation,"Maximilian Heil, Dionne Bang",Computation and Language (cs.CL); Artificial Intelligence (cs.AI),https://arxiv.org/abs/2507.06189,https://arxiv.org/pdf/2507.06189
arXiv:2507.06185,Hidden Prompts in Manuscripts Exploit AI-Assisted Peer Review,Zhicheng Lin,Computers and Society (cs.CY); Artificial Intelligence (cs.AI); Computation and Language (cs.CL); Human-Computer Interaction (cs.HC),https://arxiv.org/abs/2507.06185,https://arxiv.org/pdf/2507.06185
arXiv:2507.06174,Fast Bilateral Teleoperation and Imitation Learning Using Sensorless Force Control via Accurate Dynamics Model,"Koki Yamane, Yunhan Li, Masashi Konosu, Koki Inami, Junji Oaki, Sho Sakaino, Toshiaki Tsuji",Robotics (cs.RO); Artificial Intelligence (cs.AI); Systems and Control (eess.SY),https://arxiv.org/abs/2507.06174,https://arxiv.org/pdf/2507.06174
arXiv:2507.06173,A Method for Optimizing Connections in Differentiable Logic Gate Networks,"Wout Mommen, Lars Keuninckx, Matthias Hartmann, Piet Wambacq",Machine Learning (cs.LG); Artificial Intelligence (cs.AI),https://arxiv.org/abs/2507.06173,https://arxiv.org/pdf/2507.06173
arXiv:2507.06164,Critical Nodes Identification in Complex Networks: A Survey,"Duxin Chen, Jiawen Chen, Xiaoyu Zhang, Qinghan Jia, Xiaolu Liu, Ye Sun, Linyuan Lv, Wenwu Yu",Social and Information Networks (cs.SI); Artificial Intelligence (cs.AI); Applied Physics (physics.app-ph),https://arxiv.org/abs/2507.06164,https://arxiv.org/pdf/2507.06164
arXiv:2507.06149,Fast and Accurate Collision Probability Estimation for Autonomous Vehicles using Adaptive Sigma-Point Sampling,"Charles Champagne Cossette, Taylor Scott Clawson, Andrew Feit",Robotics (cs.RO); Artificial Intelligence (cs.AI); Computational Geometry (cs.CG),https://arxiv.org/abs/2507.06149,https://arxiv.org/pdf/2507.06149
arXiv:2507.06148,SoftReMish: A Novel Activation Function for Enhanced Convolutional Neural Networks for Visual Recognition Performance,Mustafa Bayram Gücen,Computer Vision and Pattern Recognition (cs.CV); Artificial Intelligence (cs.AI); Neural and Evolutionary Computing (cs.NE),https://arxiv.org/abs/2507.06148,https://arxiv.org/pdf/2507.06148
arXiv:2507.06140,LangMamba: A Language-driven Mamba Framework for Low-dose CT Denoising with Vision-language Models,"Zhihao Chen, Tao Chen, Chenhui Wang, Qi Gao, Huidong Xie, Chuang Niu, Ge Wang, Hongming Shan",Image and Video Processing (eess.IV); Artificial Intelligence (cs.AI); Computer Vision and Pattern Recognition (cs.CV),https://arxiv.org/abs/2507.06140,https://arxiv.org/pdf/2507.06140
arXiv:2507.06139,Topic Modeling and Link-Prediction for Material Property Discovery,"Ryan C. Barron, Maksim E. Eren, Valentin Stanev, Cynthia Matuszek, Boian S. Alexandrov","Machine Learning (cs.LG); Artificial Intelligence (cs.AI); Computational Engineering, Finance, and Science (cs.CE)",https://arxiv.org/abs/2507.06139,https://arxiv.org/pdf/2507.06139
arXiv:2507.06138,Coding Triangle: How Does Large Language Model Understand Code?,"Taolin Zhang, Zihan Ma, Maosong Cao, Junnan Liu, Songyang Zhang, Kai Chen",Computation and Language (cs.CL); Artificial Intelligence (cs.AI),https://arxiv.org/abs/2507.06138,https://arxiv.org/pdf/2507.06138
arXiv:2507.06137,NeoBabel: A Multilingual Open Tower for Visual Generation,"Mohammad Mahdi Derakhshani, Dheeraj Varghese, Marzieh Fadaee, Cees G. M. Snoek",Computation and Language (cs.CL); Artificial Intelligence (cs.AI); Computer Vision and Pattern Recognition (cs.CV),https://arxiv.org/abs/2507.06137,https://arxiv.org/pdf/2507.06137
arXiv:2507.06127,PrefixAgent: An LLM-Powered Design Framework for Efficient Prefix Adder Optimization,"Dongsheng Zuo, Jiadong Zhu, Yang Luo, Yuzhe Ma",Hardware Architecture (cs.AR); Artificial Intelligence (cs.AI),https://arxiv.org/abs/2507.06127,https://arxiv.org/pdf/2507.06127
arXiv:2507.06125,Subspace-based Approximate Hessian Method for Zeroth-Order Optimization,"Dongyoon Kim, Sungjae Lee, Wonjin Lee, Kwang In Kim",Machine Learning (cs.LG); Artificial Intelligence (cs.AI),https://arxiv.org/abs/2507.06125,https://arxiv.org/pdf/2507.06125
arXiv:2507.06116,Speech Quality Assessment Model Based on Mixture of Experts: System-Level Performance Enhancement and Utterance-Level Challenge Analysis,"Xintong Hu, Yixuan Chen, Rui Yang, Wenxiang Guo, Changhao Pan",Sound (cs.SD); Artificial Intelligence (cs.AI); Audio and Speech Processing (eess.AS),https://arxiv.org/abs/2507.06116,https://arxiv.org/pdf/2507.06116
arXiv:2507.06109,LighthouseGS: Indoor Structure-aware 3D Gaussian Splatting for Panorama-Style Mobile Captures,"Seungoh Han, Jaehoon Jang, Hyunsu Kim, Jaeheung Surh, Junhyung Kwak, Hyowon Ha, Kyungdon Joo",Graphics (cs.GR); Artificial Intelligence (cs.AI); Computer Vision and Pattern Recognition (cs.CV),https://arxiv.org/abs/2507.06109,https://arxiv.org/pdf/2507.06109
arXiv:2507.06092,Taming Data Challenges in ML-based Security Tasks: Lessons from Integrating Generative AI,"Shravya Kanchi, Neal Mangaokar, Aravind Cheruvu, Sifat Muhammad Abdullah, Shirin Nilizadeh, Atul Prakash, Bimal Viswanath",Cryptography and Security (cs.CR); Artificial Intelligence (cs.AI); Machine Learning (cs.LG),https://arxiv.org/abs/2507.06092,https://arxiv.org/pdf/2507.06092
arXiv:2507.06079,QS4D: Quantization-aware training for efficient hardware deployment of structured state-space sequential models,"Sebastian Siegel, Ming-Jay Yang, Younes Bouhadjar, Maxime Fabre, Emre Neftci, John Paul Strachan",Machine Learning (cs.LG); Artificial Intelligence (cs.AI),https://arxiv.org/abs/2507.06079,https://arxiv.org/pdf/2507.06079
arXiv:2507.06070,Contrastive and Transfer Learning for Effective Audio Fingerprinting through a Real-World Evaluation Protocol,"Christos Nikou, Theodoros Giannakopoulos",Sound (cs.SD); Artificial Intelligence (cs.AI); Information Retrieval (cs.IR); Machine Learning (cs.LG); Audio and Speech Processing (eess.AS),https://arxiv.org/abs/2507.06070,https://arxiv.org/pdf/2507.06070
arXiv:2507.06067,Enhancing Synthetic CT from CBCT via Multimodal Fusion and End-To-End Registration,"Maximilian Tschuchnig, Lukas Lamminger, Philipp Steininger, Michael Gadermayr",Image and Video Processing (eess.IV); Artificial Intelligence (cs.AI); Computer Vision and Pattern Recognition (cs.CV),https://arxiv.org/abs/2507.06067,https://arxiv.org/pdf/2507.06067
arXiv:2507.06060,VisualSpeaker: Visually-Guided 3D Avatar Lip Synthesis,"Alexandre Symeonidis-Herzig, Özge Mercanoğlu Sincan, Richard Bowden",Computer Vision and Pattern Recognition (cs.CV); Artificial Intelligence (cs.AI),https://arxiv.org/abs/2507.06060,https://arxiv.org/pdf/2507.06060
arXiv:2507.06056,Entropy-Memorization Law: Evaluating Memorization Difficulty of Data in LLMs,"Yizhan Huang, Zhe Yang, Meifang Chen, Jianping Zhang, Michael R. Lyu",Computation and Language (cs.CL); Artificial Intelligence (cs.AI),https://arxiv.org/abs/2507.06056,https://arxiv.org/pdf/2507.06056
arXiv:2507.06043,CAVGAN: Unifying Jailbreak and Defense of LLMs via Generative Adversarial Attacks on their Internal Representations,"Xiaohu Li, Yunfeng Ning, Zepeng Bao, Mayi Xu, Jianhao Chen, Tieyun Qian",Cryptography and Security (cs.CR); Artificial Intelligence (cs.AI),https://arxiv.org/abs/2507.06043,https://arxiv.org/pdf/2507.06043
arXiv:2507.06033,TextPixs: Glyph-Conditioned Diffusion with Character-Aware Attention and OCR-Guided Supervision,"Syeda Anshrah Gillani, Mirza Samad Ahmed Baig, Osama Ahmed Khan, Shahid Munir Shah, Umema Mujeeb, Maheen Ali",Computer Vision and Pattern Recognition (cs.CV); Artificial Intelligence (cs.AI); Machine Learning (cs.LG),https://arxiv.org/abs/2507.06033,https://arxiv.org/pdf/2507.06033
arXiv:2507.06031,Efficient Federated Learning with Timely Update Dissemination,"Juncheng Jia, Ji Liu, Chao Huo, Yihui Shen, Yang Zhou, Huaiyu Dai, Dejing Dou","Distributed, Parallel, and Cluster Computing (cs.DC); Artificial Intelligence (cs.AI); Machine Learning (cs.LG)",https://arxiv.org/abs/2507.06031,https://arxiv.org/pdf/2507.06031
arXiv:2507.06008,The Impact of Event Data Partitioning on Privacy-aware Process Discovery,"Jungeun Lim, Stephan A. Fahrenkrog-Petersen, Xixi Lu, Jan Mendling, Minseok Song",Cryptography and Security (cs.CR); Artificial Intelligence (cs.AI); Databases (cs.DB),https://arxiv.org/abs/2507.06008,https://arxiv.org/pdf/2507.06008
arXiv:2507.05999,Geo-Registration of Terrestrial LiDAR Point Clouds with Satellite Images without GNSS,"Xinyu Wang, Muhammad Ibrahim, Atif Mansoor, Ajmal Mian",Computer Vision and Pattern Recognition (cs.CV); Artificial Intelligence (cs.AI),https://arxiv.org/abs/2507.05999,https://arxiv.org/pdf/2507.05999
arXiv:2507.05992,Exploring Partial Multi-Label Learning via Integrating Semantic Co-occurrence Knowledge,"Xin Wu, Fei Teng, Yue Feng, Kaibo Shi, Zhuosheng Lin, Ji Zhang, James Wang",Computer Vision and Pattern Recognition (cs.CV); Artificial Intelligence (cs.AI),https://arxiv.org/abs/2507.05992,https://arxiv.org/pdf/2507.05992
arXiv:2507.05966,Simple Convergence Proof of Adam From a Sign-like Descent Perspective,"Hanyang Peng, Shuang Qin, Yue Yu, Fangqing Jiang, Hui Wang, Zhouchen Lin",Machine Learning (cs.LG); Artificial Intelligence (cs.AI),https://arxiv.org/abs/2507.05966,https://arxiv.org/pdf/2507.05966
arXiv:2507.05965,OpenFActScore: Open-Source Atomic Evaluation of Factuality in Text Generation,"Lucas Fonseca Lage, Simon Ostermann",Computation and Language (cs.CL); Artificial Intelligence (cs.AI),https://arxiv.org/abs/2507.05965,https://arxiv.org/pdf/2507.05965
arXiv:2507.05951,Complexity Results of Persuasion,Alban Grastien,Computational Complexity (cs.CC); Artificial Intelligence (cs.AI),https://arxiv.org/abs/2507.05951,https://arxiv.org/pdf/2507.05951
arXiv:2507.05916,On the Effectiveness of Methods and Metrics for Explainable AI in Remote Sensing Image Scene Classification,"Jonas Klotz, Tom Burgert, Begüm Demir",Computer Vision and Pattern Recognition (cs.CV); Artificial Intelligence (cs.AI),https://arxiv.org/abs/2507.05916,https://arxiv.org/pdf/2507.05916
arXiv:2507.05911,Differentiable Reward Optimization for LLM based TTS system,"Changfeng Gao, Zhihao Du, Shiliang Zhang",Sound (cs.SD); Artificial Intelligence (cs.AI); Audio and Speech Processing (eess.AS),https://arxiv.org/abs/2507.05911,https://arxiv.org/pdf/2507.05911
arXiv:2507.05906,Feature-Based vs. GAN-Based Learning from Demonstrations: When and Why,"Chenhao Li, Marco Hutter, Andreas Krause",Machine Learning (cs.LG); Artificial Intelligence (cs.AI); Graphics (cs.GR); Robotics (cs.RO),https://arxiv.org/abs/2507.05906,https://arxiv.org/pdf/2507.05906
arXiv:2507.05904,Universal Embeddings of Tabular Data,"Astrid Franz, Frederik Hoppe, Marianne Michaelis, Udo Göbel",Machine Learning (cs.LG); Artificial Intelligence (cs.AI),https://arxiv.org/abs/2507.05904,https://arxiv.org/pdf/2507.05904
arXiv:2507.05890,Psychometric Item Validation Using Virtual Respondents with Trait-Response Mediators,"Sungjib Lim, Woojung Song, Eun-Ju Lee, Yohan Jo",Computation and Language (cs.CL); Artificial Intelligence (cs.AI),https://arxiv.org/abs/2507.05890,https://arxiv.org/pdf/2507.05890
arXiv:2507.05888,Hierarchy or Heterarchy? A Theory of Long-Range Connections for the Sensorimotor Brain,"Jeff Hawkins, Niels Leadholm, Viviane Clay",Neurons and Cognition (q-bio.NC); Artificial Intelligence (cs.AI),https://arxiv.org/abs/2507.05888,https://arxiv.org/pdf/2507.05888
arXiv:2507.05884,Comparison of Path Planning Algorithms for Autonomous Vehicle Navigation Using Satellite and Airborne LiDAR Data,"Chang Liu, Zhexiong Xue, Tamas Sziranyi",Robotics (cs.RO); Artificial Intelligence (cs.AI),https://arxiv.org/abs/2507.05884,https://arxiv.org/pdf/2507.05884
arXiv:2507.05829,Intra-DP: A High Performance Collaborative Inference System for Mobile Edge Computing,"Zekai Sun, Xiuxian Guan, Zheng Lin, Zihan Fang, Xiangming Cai, Zhe Chen, Fangming Liu, Heming Cui, Jie Xiong, Wei Ni, Chau Yuen",Networking and Internet Architecture (cs.NI); Artificial Intelligence (cs.AI); Machine Learning (cs.LG),https://arxiv.org/abs/2507.05829,https://arxiv.org/pdf/2507.05829
arXiv:2507.05820,Constella: Supporting Storywriters' Interconnected Character Creation through LLM-based Multi-Agents,"Syemin Park, Soobin Park, Youn-kyung Lim",Human-Computer Interaction (cs.HC); Artificial Intelligence (cs.AI); Multiagent Systems (cs.MA),https://arxiv.org/abs/2507.05820,https://arxiv.org/pdf/2507.05820
arXiv:2507.05814,Empowering Bridge Digital Twins by Bridging the Data Gap with a Unified Synthesis Framework,"Wang Wang, Mingyu Shi, Jun Jiang, Wenqian Ma, Chong Liu, Yasutaka Narazaki, Xuguang Wang",Computer Vision and Pattern Recognition (cs.CV); Artificial Intelligence (cs.AI),https://arxiv.org/abs/2507.05814,https://arxiv.org/pdf/2507.05814
arXiv:2507.05812,Towards Solar Altitude Guided Scene Illumination,"Samed Doğan, Maximilian Hoh, Nico Leuze, Nicolas R.-Peña, Alfred Schöttl",Computer Vision and Pattern Recognition (cs.CV); Artificial Intelligence (cs.AI),https://arxiv.org/abs/2507.05812,https://arxiv.org/pdf/2507.05812
arXiv:2507.05810,Concept-Based Mechanistic Interpretability Using Structured Knowledge Graphs,"Sofiia Chorna, Kateryna Tarelkina, Eloïse Berthier, Gianni Franchi",Machine Learning (cs.LG); Artificial Intelligence (cs.AI); Computer Vision and Pattern Recognition (cs.CV),https://arxiv.org/abs/2507.05810,https://arxiv.org/pdf/2507.05810
arXiv:2507.05794,Automated Reasoning for Vulnerability Management by Design,"Avi Shaked, Nan Messe",Cryptography and Security (cs.CR); Artificial Intelligence (cs.AI); Logic in Computer Science (cs.LO); Systems and Control (eess.SY),https://arxiv.org/abs/2507.05794,https://arxiv.org/pdf/2507.05794
arXiv:2507.05754,LeAD: The LLM Enhanced Planning System Converged with End-to-end Autonomous Driving,"Yuhang Zhang, Jiaqi Liu, Chengkai Xu, Peng Hang, Jian Sun",Robotics (cs.RO); Artificial Intelligence (cs.AI),https://arxiv.org/abs/2507.05754,https://arxiv.org/pdf/2507.05754
arXiv:2507.05733,When Transformers Meet Recommenders: Integrating Self-Attentive Sequential Recommendation with Fine-Tuned LLMs,Kechen Liu,Information Retrieval (cs.IR); Artificial Intelligence (cs.AI),https://arxiv.org/abs/2507.05733,https://arxiv.org/pdf/2507.05733
arXiv:2507.05731,A Satellite-Ground Synergistic Large Vision-Language Model System for Earth Observation,"Yuxin Zhang, Jiahao Yang, Zhe Chen, Wenjun Zhu, Jin Zhao, Yue Gao",Networking and Internet Architecture (cs.NI); Artificial Intelligence (cs.AI); Machine Learning (cs.LG),https://arxiv.org/abs/2507.05731,https://arxiv.org/pdf/2507.05731
arXiv:2507.05730,Hyperspectral Anomaly Detection Methods: A Survey and Comparative Study,"Aayushma Pant, Arbind Agrahari Baniya, Tsz-Kwan Lee, Sunil Aryal",Computer Vision and Pattern Recognition (cs.CV); Artificial Intelligence (cs.AI),https://arxiv.org/abs/2507.05730,https://arxiv.org/pdf/2507.05730
arXiv:2507.05724,Omni-Router: Sharing Routing Decisions in Sparse Mixture-of-Experts for Speech Recognition,"Zijin Gu, Tatiana Likhomanenko, Navdeep Jaitly",Computation and Language (cs.CL); Artificial Intelligence (cs.AI); Machine Learning (cs.LG); Sound (cs.SD); Audio and Speech Processing (eess.AS),https://arxiv.org/abs/2507.05724,https://arxiv.org/pdf/2507.05724
arXiv:2507.05714,HIRAG: Hierarchical-Thought Instruction-Tuning Retrieval-Augmented Generation,"YiHan Jiao, ZheHao Tan, Dan Yang, DuoLin Sun, Jie Feng, Jian Wang, Peng Wei",Computation and Language (cs.CL); Artificial Intelligence (cs.AI),https://arxiv.org/abs/2507.05714,https://arxiv.org/pdf/2507.05714
arXiv:2507.05713,DRAGON: Dynamic RAG Benchmark On News,"Fedor Chernogorskii, Sergei Averkiev, Liliya Kudraleeva, Zaven Martirosian, Maria Tikhonova, Valentin Malykh, Alena Fenogenova",Computation and Language (cs.CL); Artificial Intelligence (cs.AI),https://arxiv.org/abs/2507.05713,https://arxiv.org/pdf/2507.05713
arXiv:2507.05707,Agentic-R1: Distilled Dual-Strategy Reasoning,"Weihua Du, Pranjal Aggarwal, Sean Welleck, Yiming Yang",Computation and Language (cs.CL); Artificial Intelligence (cs.AI); Machine Learning (cs.LG),https://arxiv.org/abs/2507.05707,https://arxiv.org/pdf/2507.05707
arXiv:2507.05685,Efficient Training of Large-Scale AI Models Through Federated Mixture-of-Experts: A System-Level Approach,"Xiaobing Chen, Boyang Zhang, Xiangwei Zhou, Mingxuan Sun, Shuai Zhang, Songyang Zhang, Geoffrey Ye Li",Machine Learning (cs.LG); Artificial Intelligence (cs.AI),https://arxiv.org/abs/2507.05685,https://arxiv.org/pdf/2507.05685
arXiv:2507.05681,GATMesh: Clock Mesh Timing Analysis using Graph Neural Networks,"Muhammad Hadir Khan, Matthew Guthaus",Hardware Architecture (cs.AR); Artificial Intelligence (cs.AI); Machine Learning (cs.LG),https://arxiv.org/abs/2507.05681,https://arxiv.org/pdf/2507.05681
arXiv:2507.05675,MedGen: Unlocking Medical Video Generation by Scaling Granularly-annotated Medical Videos,"Rongsheng Wang, Junying Chen, Ke Ji, Zhenyang Cai, Shunian Chen, Yunjin Yang, Benyou Wang",Computer Vision and Pattern Recognition (cs.CV); Artificial Intelligence (cs.AI),https://arxiv.org/abs/2507.05675,https://arxiv.org/pdf/2507.05675
arXiv:2507.05660,TuneShield: Mitigating Toxicity in Conversational AI while Fine-tuning on Untrusted Data,"Aravind Cheruvu, Shravya Kanchi, Sifat Muhammad Abdullah, Nicholas Kong, Daphne Yao, Murtuza Jadliwala, Bimal Viswanath",Cryptography and Security (cs.CR); Artificial Intelligence (cs.AI); Computation and Language (cs.CL),https://arxiv.org/abs/2507.05660,https://arxiv.org/pdf/2507.05660
arXiv:2507.05649,DESIGN: Encrypted GNN Inference via Server-Side Input Graph Pruning,"Kaixiang Zhao, Joseph Yousry Attalla, Qian Lou, Yushun Dong",Cryptography and Security (cs.CR); Artificial Intelligence (cs.AI); Machine Learning (cs.LG),https://arxiv.org/abs/2507.05649,https://arxiv.org/pdf/2507.05649
arXiv:2507.05644,FACT: the Features At Convergence Theorem for neural networks,"Enric Boix-Adsera, Neil Mallinar, James B. Simon, Mikhail Belkin",Machine Learning (cs.LG); Artificial Intelligence (cs.AI); Machine Learning (stat.ML),https://arxiv.org/abs/2507.05644,https://arxiv.org/pdf/2507.05644
arXiv:2507.05636,Graph Learning,"Feng Xia, Ciyuan Peng, Jing Ren, Falih Gozi Febrinanto, Renqiang Luo, Vidya Saikrishna, Shuo Yu, Xiangjie Kong",Machine Learning (cs.LG); Artificial Intelligence (cs.AI),https://arxiv.org/abs/2507.05636,https://arxiv.org/pdf/2507.05636
arXiv:2507.05633,SARA: Selective and Adaptive Retrieval-augmented Generation with Context Compression,"Yiqiao Jin, Kartik Sharma, Vineeth Rakesh, Yingtong Dou, Menghai Pan, Mahashweta Das, Srijan Kumar",Computation and Language (cs.CL); Artificial Intelligence (cs.AI); Information Retrieval (cs.IR),https://arxiv.org/abs/2507.05633,https://arxiv.org/pdf/2507.05633
arXiv:2507.05630,How Not to Detect Prompt Injections with an LLM,"Sarthak Choudhary, Divyam Anshumaan, Nils Palumbo, Somesh Jha",Cryptography and Security (cs.CR); Artificial Intelligence (cs.AI); Machine Learning (cs.LG),https://arxiv.org/abs/2507.05630,https://arxiv.org/pdf/2507.05630
arXiv:2507.05622,DATABench: Evaluating Dataset Auditing in Deep Learning from an Adversarial Perspective,"Shuo Shao, Yiming Li, Mengren Zheng, Zhiyang Hu, Yukun Chen, Boheng Li, Yu He, Junfeng Guo, Tianwei Zhang, Dacheng Tao, Zhan Qin",Cryptography and Security (cs.CR); Artificial Intelligence (cs.AI); Machine Learning (cs.LG),https://arxiv.org/abs/2507.05622,https://arxiv.org/pdf/2507.05622
arXiv:2507.05598,Self-Review Framework for Enhancing Instruction Following Capability of LLM,Sihyun Park,Computation and Language (cs.CL); Artificial Intelligence (cs.AI),https://arxiv.org/abs/2507.05598,https://arxiv.org/pdf/2507.05598
arXiv:2507.05584,The Fourier Spectral Transformer Networks For Efficient and Generalizable Nonlinear PDEs Prediction,Beibei Li,Machine Learning (cs.LG); Artificial Intelligence (cs.AI),https://arxiv.org/abs/2507.05584,https://arxiv.org/pdf/2507.05584
arXiv:2507.05573,Prompt Migration: Stabilizing GenAI Applications with Evolving Large Language Models,"Shivani Tripathi, Pushpanjali Nema, Aditya Halder, Shi Qiao, Alekh Jindal",Databases (cs.DB); Artificial Intelligence (cs.AI); Software Engineering (cs.SE),https://arxiv.org/abs/2507.05573,https://arxiv.org/pdf/2507.05573
arXiv:2507.05565,Search-based Selection of Metamorphic Relations for Optimized Robustness Testing of Large Language Models,"Sangwon Hyun, Shaukat Ali, M. Ali Babar",Software Engineering (cs.SE); Artificial Intelligence (cs.AI); Neural and Evolutionary Computing (cs.NE),https://arxiv.org/abs/2507.05565,https://arxiv.org/pdf/2507.05565
arXiv:2507.05559,MP-ALOE: An r2SCAN dataset for universal machine learning interatomic potentials,"Matthew C. Kuner, Aaron D. Kaplan, Kristin A. Persson, Mark Asta, Daryl C. Chrzan",Materials Science (cond-mat.mtrl-sci); Artificial Intelligence (cs.AI); Computational Physics (physics.comp-ph),https://arxiv.org/abs/2507.05559,https://arxiv.org/pdf/2507.05559
arXiv:2507.05558,AI Agent Smart Contract Exploit Generation,"Arthur Gervais, Liyi Zhou",Cryptography and Security (cs.CR); Artificial Intelligence (cs.AI),https://arxiv.org/abs/2507.05558,https://arxiv.org/pdf/2507.05558
arXiv:2507.05549,The Ethical Implications of AI in Creative Industries: A Focus on AI-Generated Art,"Prerana Khatiwada, Joshua Washington, Tyler Walsh, Ahmed Saif Hamed, Lokesh Bhatta",Computers and Society (cs.CY); Artificial Intelligence (cs.AI); Human-Computer Interaction (cs.HC),https://arxiv.org/abs/2507.05549,https://arxiv.org/pdf/2507.05549
arXiv:2507.05540,Robust Learning on Noisy Graphs via Latent Space Constraints with External Knowledge,"Chunhui Gu, Mohammad Sadegh Nasr, James P. Long, Kim-Anh Do, Ehsan Irajizad",Machine Learning (cs.LG); Artificial Intelligence (cs.AI),https://arxiv.org/abs/2507.05540,https://arxiv.org/pdf/2507.05540
arXiv:2507.05527,Mitigating Shortcut Learning with InterpoLated Learning,"Michalis Korakakis, Andreas Vlachos, Adrian Weller",Machine Learning (cs.LG); Artificial Intelligence (cs.AI),https://arxiv.org/abs/2507.05527,https://arxiv.org/pdf/2507.05527
arXiv:2507.05517,Empowering Healthcare Practitioners with Language Models: Structuring Speech Transcripts in Two Real-World Clinical Applications,"Jean-Philippe Corbeil, Asma Ben Abacha, George Michalopoulos, Phillip Swazinna, Miguel Del-Agua, Jerome Tremblay, Akila Jeeson Daniel, Cari Bader, Kevin Cho, Pooja Krishnan, Nathan Bodenstab, Thomas Lin, Wenxuan Teng, Francois Beaulieu, Paul Vozila",Computation and Language (cs.CL); Artificial Intelligence (cs.AI),https://arxiv.org/abs/2507.05517,https://arxiv.org/pdf/2507.05517
arXiv:2507.05513,Llama Nemoretriever Colembed: Top-Performing Text-Image Retrieval Model,"Mengyao Xu, Gabriel Moreira, Ronay Ak, Radek Osmulski, Yauhen Babakhin, Zhiding Yu, Benedikt Schifferer, Even Oldridge",Computer Vision and Pattern Recognition (cs.CV); Artificial Intelligence (cs.AI),https://arxiv.org/abs/2507.05513,https://arxiv.org/pdf/2507.05513
arXiv:2507.05512,Disappearing Ink: Obfuscation Breaks N-gram Code Watermarks in Theory and Practice,"Gehao Zhang, Eugene Bagdasarian, Juan Zhai, Shiqing Ma",Cryptography and Security (cs.CR); Artificial Intelligence (cs.AI),https://arxiv.org/abs/2507.05512,https://arxiv.org/pdf/2507.05512
arXiv:2507.05498,Explainable Hierarchical Deep Learning Neural Networks (Ex-HiDeNN),"Reza T. Batley, Chanwook Park, Wing Kam Liu, Sourav Saha",Machine Learning (cs.LG); Artificial Intelligence (cs.AI),https://arxiv.org/abs/2507.05498,https://arxiv.org/pdf/2507.05498
arXiv:2507.05496,Cloud Diffusion Part 1: Theory and Motivation,Andrew Randono,Computer Vision and Pattern Recognition (cs.CV); Artificial Intelligence (cs.AI); Machine Learning (cs.LG),https://arxiv.org/abs/2507.05496,https://arxiv.org/pdf/2507.05496
arXiv:2507.05477,Epistemically-guided forward-backward exploration,"Núria Armengol Urpí, Marin Vlastelica, Georg Martius, Stelian Coros",Machine Learning (cs.LG); Artificial Intelligence (cs.AI),https://arxiv.org/abs/2507.05477,https://arxiv.org/pdf/2507.05477
arXiv:2507.05469,Inaugural MOASEI Competition at AAMAS'2025: A Technical Report,"Ceferino Patino, Tyler J. Billings, Alireza Saleh Abadi, Daniel Redder, Adam Eck, Prashant Doshi, Leen-Kiat Soh",Multiagent Systems (cs.MA); Artificial Intelligence (cs.AI),https://arxiv.org/abs/2507.05469,https://arxiv.org/pdf/2507.05469
arXiv:2507.05465,2048: Reinforcement Learning in a Delayed Reward Environment,"Prady Saligram, Tanvir Bhathal, Robby Manihani",Machine Learning (cs.LG); Artificial Intelligence (cs.AI),https://arxiv.org/abs/2507.05465,https://arxiv.org/pdf/2507.05465
arXiv:2507.05463,Driving as a Diagnostic Tool: Scenario-based Cognitive Assessment in Older Drivers From Driving Video,"Md Zahid Hasan, Guillermo Basulto-Elias, Jun Ha Chang, Sahuna Hallmark, Matthew Rizzo, Anuj Sharma, Soumik Sarkar",Computer Vision and Pattern Recognition (cs.CV); Artificial Intelligence (cs.AI),https://arxiv.org/abs/2507.05463,https://arxiv.org/pdf/2507.05463
arXiv:2507.05455,ModelCitizens:Representing Community Voices in Online Safety,"Ashima Suvarna, Christina Chance, Hamid Palangi, Sophie Hao, Thomas Hartvigsen, Saadia Gabriel",Computation and Language (cs.CL); Artificial Intelligence (cs.AI),https://arxiv.org/abs/2507.05455,https://arxiv.org/pdf/2507.05455
arXiv:2507.05448,On the Semantics of Large Language Models,Martin Schuele,Computation and Language (cs.CL); Artificial Intelligence (cs.AI),https://arxiv.org/abs/2507.05448,https://arxiv.org/pdf/2507.05448
arXiv:2507.05432,"Robotic System with AI for Real Time Weed Detection, Canopy Aware Spraying, and Droplet Pattern Evaluation","Inayat Rasool, Pappu Kumar Yadav, Amee Parmar, Hasan Mirzakhaninafchi, Rikesh Budhathoki, Zain Ul Abideen Usmani, Supriya Paudel, Ivan Perez Olivera, Eric Jone",Computer Vision and Pattern Recognition (cs.CV); Artificial Intelligence (cs.AI),https://arxiv.org/abs/2507.05432,https://arxiv.org/pdf/2507.05432
arXiv:2507.05424,"""Lost-in-the-Later"": Framework for Quantifying Contextual Grounding in Large Language Models","Yufei Tao, Adam Hiatt, Rahul Seetharaman, Ameeta Agrawal",Computation and Language (cs.CL); Artificial Intelligence (cs.AI),https://arxiv.org/abs/2507.05424,https://arxiv.org/pdf/2507.05424
arXiv:2507.05418,"Learn Globally, Speak Locally: Bridging the Gaps in Multilingual Reasoning","Jaedong Hwang, Kumar Tanmay, Seok-Jin Lee, Ayush Agrawal, Hamid Palangi, Kumar Ayush, Ila Fiete, Paul Pu Liang",Computation and Language (cs.CL); Artificial Intelligence (cs.AI); Machine Learning (cs.LG),https://arxiv.org/abs/2507.05418,https://arxiv.org/pdf/2507.05418
arXiv:2507.05416,EmissionNet: Air Quality Pollution Forecasting for Agriculture,"Prady Saligram, Tanvir Bhathal",Machine Learning (cs.LG); Artificial Intelligence (cs.AI),https://arxiv.org/abs/2507.05416,https://arxiv.org/pdf/2507.05416
arXiv:2507.05405,Probabilistically Tightened Linear Relaxation-based Perturbation Analysis for Neural Network Verification,"Luca Marzari, Ferdinando Cicalese, Alessandro Farinelli",Machine Learning (cs.LG); Artificial Intelligence (cs.AI),https://arxiv.org/abs/2507.05405,https://arxiv.org/pdf/2507.05405
arXiv:2507.05391,Controlling What You Share: Assessing Language Model Adherence to Privacy Preferences,"Guillem Ramírez, Alexandra Birch, Ivan Titov",Computation and Language (cs.CL); Artificial Intelligence (cs.AI),https://arxiv.org/abs/2507.05391,https://arxiv.org/pdf/2507.05391
arXiv:2507.05386,Reinforcement Fine-Tuning Naturally Mitigates Forgetting in Continual Post-Training,"Song Lai, Haohan Zhao, Rong Feng, Changyi Ma, Wenzhuo Liu, Hongbo Zhao, Xi Lin, Dong Yi, Min Xie, Qingfu Zhang, Hongbin Liu, Gaofeng Meng, Fei Zhu",Machine Learning (cs.LG); Artificial Intelligence (cs.AI); Computation and Language (cs.CL),https://arxiv.org/abs/2507.05386,https://arxiv.org/pdf/2507.05386
arXiv:2507.05362,On the Bias of Next-Token Predictors Toward Systematically Inefficient Reasoning: A Shortest-Path Case Study,"Riccardo Alberghi, Elizaveta Demyanenko, Luca Biggio, Luca Saglietti",Computation and Language (cs.CL); Artificial Intelligence (cs.AI); Machine Learning (cs.LG),https://arxiv.org/abs/2507.05362,https://arxiv.org/pdf/2507.05362
arXiv:2507.05346,LoRA-Augmented Generation (LAG) for Knowledge-Intensive Language Tasks,"William Fleshman, Benjamin Van Durme",Computation and Language (cs.CL); Artificial Intelligence (cs.AI); Machine Learning (cs.LG),https://arxiv.org/abs/2507.05346,https://arxiv.org/pdf/2507.05346
arXiv:2507.05333,Causal Foundation Models: Disentangling Physics from Instrument Properties,"Jeroen Audenaert, Daniel Muthukrishna, Paul F. Gregory, David W. Hogg, V. Ashley Villar",Machine Learning (cs.LG); Instrumentation and Methods for Astrophysics (astro-ph.IM); Solar and Stellar Astrophysics (astro-ph.SR); Artificial Intelligence (cs.AI),https://arxiv.org/abs/2507.05333,https://arxiv.org/pdf/2507.05333
arXiv:2507.05330,MindFlow: Revolutionizing E-commerce Customer Support with Multimodal LLM Agents,"Ming Gong, Xucheng Huang, Chenghan Yang, Xianhan Peng, Haoxin Wang, Yang Liu, Ling Jiang",Computation and Language (cs.CL); Artificial Intelligence (cs.AI),https://arxiv.org/abs/2507.05330,https://arxiv.org/pdf/2507.05330
arXiv:2507.05328,Going Beyond Heuristics by Imposing Policy Improvement as a Constraint,"Chi-Chang Lee, Zhang-Wei Hong, Pulkit Agrawal",Machine Learning (cs.LG); Artificial Intelligence (cs.AI),https://arxiv.org/abs/2507.05328,https://arxiv.org/pdf/2507.05328
arXiv:2507.05321,AGACCI : Affiliated Grading Agents for Criteria-Centric Interface in Educational Coding Contexts,"Kwangsuk Park, Jiwoong Yang",Computers and Society (cs.CY); Artificial Intelligence (cs.AI),https://arxiv.org/abs/2507.05321,https://arxiv.org/pdf/2507.05321
arXiv:2507.05319,LCDS: A Logic-Controlled Discharge Summary Generation System Supporting Source Attribution and Expert Review,"Cheng Yuan, Xinkai Rui, Yongqi Fan, Yawei Fan, Boyang Zhong, Jiacheng Wang, Weiyan Zhang, Tong Ruan",Computation and Language (cs.CL); Artificial Intelligence (cs.AI),https://arxiv.org/abs/2507.05319,https://arxiv.org/pdf/2507.05319
arXiv:2507.05317,PWD: Prior-Guided and Wavelet-Enhanced Diffusion Model for Limited-Angle CT,"Yi Liu, Yiyang Wen, Zekun Zhou, Junqi Ma, Linghang Wang, Yucheng Yao, Liu Shi, Qiegen Liu",Image and Video Processing (eess.IV); Artificial Intelligence (cs.AI); Computer Vision and Pattern Recognition (cs.CV),https://arxiv.org/abs/2507.05317,https://arxiv.org/pdf/2507.05317
arXiv:2507.05316,OASBuilder: Generating OpenAPI Specifications from Online API Documentation with Large Language Models,"Koren Lazar, Matan Vetzler, Kiran Kate, Jason Tsay, David Boaz Himanshu Gupta, Avraham Shinnar, Rohith D Vallam, David Amid Esther Goldbraich, Guy Uziel, Jim Laredo, Ateret Anaby Tavor",Software Engineering (cs.SE); Artificial Intelligence (cs.AI),https://arxiv.org/abs/2507.05316,https://arxiv.org/pdf/2507.05316
arXiv:2507.05315,Conditional Graph Neural Network for Predicting Soft Tissue Deformation and Forces,"Madina Kojanazarova, Florentin Bieder, Robin Sandkühler, Philippe C. Cattin",Machine Learning (cs.LG); Artificial Intelligence (cs.AI); Computer Vision and Pattern Recognition (cs.CV),https://arxiv.org/abs/2507.05315,https://arxiv.org/pdf/2507.05315
arXiv:2507.05313,Solar Flare Prediction Using LSTM and DLSTM with Sliding Window Pattern Recognition,"Zeinab Hassani, Davud Mohammadpur, Hossein Safari",Solar and Stellar Astrophysics (astro-ph.SR); Artificial Intelligence (cs.AI); Machine Learning (cs.LG),https://arxiv.org/abs/2507.05313,https://arxiv.org/pdf/2507.05313
arXiv:2507.05311,PLACE: Prompt Learning for Attributed Community Search,"Shuheng Fang, Kangfei Zhao, Rener Zhang, Yu Rong, Jeffrey Xu Yu",Information Retrieval (cs.IR); Artificial Intelligence (cs.AI),https://arxiv.org/abs/2507.05311,https://arxiv.org/pdf/2507.05311
arXiv:2507.05309,Neural Velocity for hyperparameter tuning,"Gianluca Dalmasso, Andrea Bragagnolo, Enzo Tartaglione, Attilio Fiandrotti, Marco Grangetto",Machine Learning (cs.LG); Artificial Intelligence (cs.AI),https://arxiv.org/abs/2507.05309,https://arxiv.org/pdf/2507.05309
arXiv:2507.05307,ASSURE: Metamorphic Testing for AI-powered Browser Extensions,"Xuanqi Gao, Juan Zhai, Shiqing Ma, Siyi Xie, Chao Shen",Software Engineering (cs.SE); Artificial Intelligence (cs.AI),https://arxiv.org/abs/2507.05307,https://arxiv.org/pdf/2507.05307
arXiv:2507.05306,Enjoying Non-linearity in Multinomial Logistic Bandits,"Pierre Boudart, Pierre Gaillard, Alessandro Rudi",Machine Learning (stat.ML); Artificial Intelligence (cs.AI); Machine Learning (cs.LG); Statistics Theory (math.ST),https://arxiv.org/abs/2507.05306,https://arxiv.org/pdf/2507.05306
arXiv:2507.05305,Narrowing the Gap: Supervised Fine-Tuning of Open-Source LLMs as a Viable Alternative to Proprietary Models for Pedagogical Tools,"Lorenzo Lee Solano, Charles Koutcheme, Juho Leinonen, Alexandra Vassar, Jake Renzella",Computers and Society (cs.CY); Artificial Intelligence (cs.AI); Computation and Language (cs.CL); Software Engineering (cs.SE),https://arxiv.org/abs/2507.05305,https://arxiv.org/pdf/2507.05305
arXiv:2507.05304,Self-Attention Based Multi-Scale Graph Auto-Encoder Network of 3D Meshes,"Saqib Nazir, Olivier Lézoray, Sébastien Bougleux",Graphics (cs.GR); Artificial Intelligence (cs.AI); Computer Vision and Pattern Recognition (cs.CV),https://arxiv.org/abs/2507.05304,https://arxiv.org/pdf/2507.05304
arXiv:2507.05302,CorrDetail: Visual Detail Enhanced Self-Correction for Face Forgery Detection,"Binjia Zhou, Hengrui Lou, Lizhe Chen, Haoyuan Li, Dawei Luo, Shuai Chen, Jie Lei, Zunlei Feng, Yijun Bei",Computer Vision and Pattern Recognition (cs.CV); Artificial Intelligence (cs.AI),https://arxiv.org/abs/2507.05302,https://arxiv.org/pdf/2507.05302
arXiv:2507.05300,Structured Captions Improve Prompt Adherence in Text-to-Image Models (Re-LAION-Caption 19M),"Nicholas Merchant, Haitz Sáez de Ocáriz Borde, Andrei Cristian Popescu, Carlos Garcia Jurado Suarez",Computer Vision and Pattern Recognition (cs.CV); Artificial Intelligence (cs.AI); Computation and Language (cs.CL); Machine Learning (cs.LG),https://arxiv.org/abs/2507.05300,https://arxiv.org/pdf/2507.05300
arXiv:2507.05296,Integrating Generative AI in BIM Education: Insights from Classroom Implementation,"Islem Sahraoui, Kinam Kim, Lu Gao, Zia Din, Ahmed Senouci",Computers and Society (cs.CY); Artificial Intelligence (cs.AI),https://arxiv.org/abs/2507.05296,https://arxiv.org/pdf/2507.05296
arXiv:2507.05295,Enhancing Learning Path Recommendation via Multi-task Learning,"Afsana Nasrin, Lijun Qian, Pamela Obiomon, Xishuang Dong",Information Retrieval (cs.IR); Artificial Intelligence (cs.AI); Computers and Society (cs.CY); Machine Learning (cs.LG),https://arxiv.org/abs/2507.05295,https://arxiv.org/pdf/2507.05295
arXiv:2507.05291,Physics-Informed Graph Neural Networks to Reconstruct Local Fields Considering Finite Strain Hyperelasticity,"Manuel Ricardo Guevara Garban, Yves Chemisky, Étienne Prulière, Michaël Clément",Machine Learning (cs.LG); Materials Science (cond-mat.mtrl-sci); Artificial Intelligence (cs.AI); Computational Physics (physics.comp-ph),https://arxiv.org/abs/2507.05291,https://arxiv.org/pdf/2507.05291
arXiv:2507.05288,A Survey on Proactive Defense Strategies Against Misinformation in Large Language Models,"Shuliang Liu, Hongyi Liu, Aiwei Liu, Bingchen Duan, Qi Zheng, Yibo Yan, He Geng, Peijie Jiang, Jia Liu, Xuming Hu",Information Retrieval (cs.IR); Artificial Intelligence (cs.AI); Computation and Language (cs.CL),https://arxiv.org/abs/2507.05288,https://arxiv.org/pdf/2507.05288
arXiv:2507.05286,Compressing Deep Neural Networks Using Explainable AI,"Kimia Soroush, Mohsen Raji, Behnam Ghavami",Machine Learning (cs.LG); Artificial Intelligence (cs.AI),https://arxiv.org/abs/2507.05286,https://arxiv.org/pdf/2507.05286
arXiv:2507.05285,"Beyond classical and contemporary models: a transformative ai framework for student dropout prediction in distance learning using rag, prompt engineering, and cross-modal fusion","Miloud Mihoubi, Meriem Zerkouk, Belkacem Chikhaoui",Computation and Language (cs.CL); Artificial Intelligence (cs.AI); Computers and Society (cs.CY); Information Retrieval (cs.IR),https://arxiv.org/abs/2507.05285,https://arxiv.org/pdf/2507.05285
arXiv:2507.05282,Exploring LLM Capabilities in Extracting DCAT-Compatible Metadata for Data Cataloging,"Lennart Busch, Daniel Tebernum, Gissel Velarde",Information Retrieval (cs.IR); Artificial Intelligence (cs.AI),https://arxiv.org/abs/2507.05282,https://arxiv.org/pdf/2507.05282
arXiv:2507.05280,Hungary and AI: efforts and opportunities in comparison with Singapore,András Ferenczy,Computers and Society (cs.CY); Artificial Intelligence (cs.AI),https://arxiv.org/abs/2507.05280,https://arxiv.org/pdf/2507.05280
arXiv:2507.05279,ReservoirChat: Interactive Documentation Enhanced with LLM and Knowledge Graph for ReservoirPy,"Virgile Boraud, Yannis Bendi-Ouis, Paul Bernard, Xavier Hinaut",Software Engineering (cs.SE); Artificial Intelligence (cs.AI); Computation and Language (cs.CL); Neural and Evolutionary Computing (cs.NE),https://arxiv.org/abs/2507.05279,https://arxiv.org/pdf/2507.05279
arXiv:2507.05275,A Fuzzy Supervisor Agent Design for Clinical Reasoning Assistance in a Multi-Agent Educational Clinical Scenario Simulation,"Weibing Zheng, Laurah Turner, Jess Kropczynski, Murat Ozer, Seth Overla, Shane Halse",Computers and Society (cs.CY); Artificial Intelligence (cs.AI); Human-Computer Interaction (cs.HC); Logic in Computer Science (cs.LO); Multiagent Systems (cs.MA),https://arxiv.org/abs/2507.05275,https://arxiv.org/pdf/2507.05275
arXiv:2507.05272,FuzzFeed: An Automatic Approach to Weakest Precondition Generation using LLMs and Fuzzing,"Daragh King, Vasileios Koutavas, Laura Kovacs",Software Engineering (cs.SE); Artificial Intelligence (cs.AI); Logic in Computer Science (cs.LO),https://arxiv.org/abs/2507.05272,https://arxiv.org/pdf/2507.05272
arXiv:2507.05269,CORE: Benchmarking LLMs Code Reasoning Capabilities through Static Analysis Tasks,"Danning Xie, Mingwei Zheng, Xuwei Liu, Jiannan Wang, Chengpeng Wang, Lin Tan, Xiangyu Zhang",Software Engineering (cs.SE); Artificial Intelligence (cs.AI),https://arxiv.org/abs/2507.05269,https://arxiv.org/pdf/2507.05269
arXiv:2507.05266,"User Behavior Prediction as a Generic, Robust, Scalable, and Low-Cost Evaluation Strategy for Estimating Generalization in LLMs","Sougata Saha, Monojit Choudhury",Computation and Language (cs.CL); Artificial Intelligence (cs.AI),https://arxiv.org/abs/2507.05266,https://arxiv.org/pdf/2507.05266
arXiv:2507.05263,Rethinking Over-Smoothing in Graph Neural Networks: A Perspective from Anderson Localization,Kaichen Ouyang,Machine Learning (cs.LG); Artificial Intelligence (cs.AI); Neurons and Cognition (q-bio.NC),https://arxiv.org/abs/2507.05263,https://arxiv.org/pdf/2507.05263
arXiv:2507.04766,ABench-Physics: Benchmarking Physical Reasoning in LLMs via High-Difficulty and Dynamic Physics Problems,"Yiming Zhang, Yingfan Ma, Yanmei Gu, Zhengkai Yang, Yihong Zhuang, Feng Wang, Zenan Huang, Yuanyuan Wang, Chao Huang, Bowen Song, Cheng Lin, Junbo Zhao",Machine Learning (cs.LG); Artificial Intelligence (cs.AI); Computation and Language (cs.CL),https://arxiv.org/abs/2507.04766,https://arxiv.org/pdf/2507.04766
arXiv:2507.01436,Challenges & Opportunities with LLM-Assisted Visualization Retargeting,"Luke S. Snyder, Chenglong Wang, Steven M. Drucker",Human-Computer Interaction (cs.HC); Artificial Intelligence (cs.AI),https://arxiv.org/abs/2507.01436,https://arxiv.org/pdf/2507.01436
arXiv:2505.20181,The Problem of Algorithmic Collisions: Mitigating Unforeseen Risks in a Connected World,"Maurice Chiodo, Dennis Müller",Computers and Society (cs.CY); Artificial Intelligence (cs.AI); History and Overview (math.HO),https://arxiv.org/abs/2505.20181,https://arxiv.org/pdf/2505.20181
arXiv:2505.10426,"Formalising Human-in-the-Loop: Computational Reductions, Failure Modes, and Legal-Moral Responsibility","Maurice Chiodo, Dennis Müller, Paul Siewert, Jean-Luc Wetherall, Zoya Yasmine, John Burden",Computers and Society (cs.CY); Artificial Intelligence (cs.AI); Human-Computer Interaction (cs.HC); History and Overview (math.HO),https://arxiv.org/abs/2505.10426,https://arxiv.org/pdf/2505.10426
arXiv:2501.06861,Integrators at War: Mediating in AI-assisted Resort-to-Force Decisions,"Dennis Müller, Maurice Chiodo, Mitja Sienknecht",Computers and Society (cs.CY); Artificial Intelligence (cs.AI); History and Overview (math.HO),https://arxiv.org/abs/2501.06861,https://arxiv.org/pdf/2501.06861
